[
    {
    	"id": 1,
        "firstName": "Jill",
        "lastName": "Doe",
        "amount": 100000,
        "terms": 12,
        "type": 1
    },
    {
    	"id": 2,
        "firstName": "Joe",
        "lastName": "Doe",
        "amount": 100000,
        "terms": 24,
        "type": 2
    },
    {
    	"id": 3,
        "firstName": "Justin",
        "lastName": "Doe",
        "amount": 150000,
        "terms": 36,
        "type": 1
    },
    {
    	"id": 4,
        "firstName": "Jane",
        "lastName": "Doe",
        "amount": 100000,
        "terms": 24,
        "type": 2
    },
    {
    	"id": 5,
        "firstName": "John",
        "lastName": "Doe",
        "amount": 30000,
        "terms": 12,
        "type": 1
    }
]